{"cameraMode":{"drawMode":0,"name":"Shaded","section":"Shading Mode"},"sceneLighting":false,"audioPlay":false,"sceneViewState":{"m_AlwaysRefresh":false,"showFog":true,"showSkybox":false,"showFlares":true,"showImageEffects":true,"showParticleSystems":true,"showVisualEffectGraphs":true,"m_FxEnabled":true},"in2DMode":false,"pivot":{"x":-2.427319049835205,"y":2.741379976272583,"z":0.5320000052452087},"rotation":{"x":-0.0007995929336175323,"y":-0.9975942373275757,"z":0.06834127008914948,"w":-0.011676045134663582},"size":0.3881795406341553,"orthographic":false}