{"cameraMode":{"drawMode":0,"name":"Shaded","section":"Shading Mode"},"sceneLighting":false,"audioPlay":false,"sceneViewState":{"m_AlwaysRefresh":false,"showFog":true,"showSkybox":false,"showFlares":true,"showImageEffects":true,"showParticleSystems":true,"showVisualEffectGraphs":true,"m_FxEnabled":true},"in2DMode":false,"pivot":{"x":-1.3430850505828858,"y":2.008592128753662,"z":-1.8015087842941285},"rotation":{"x":0.002123661106452346,"y":0.99686199426651,"z":-0.07371190190315247,"w":0.028718266636133195},"size":1.1347969770431519,"orthographic":false}