{"cameraMode":{"drawMode":0,"name":"Shaded","section":"Shading Mode"},"sceneLighting":false,"audioPlay":false,"sceneViewState":{"m_AlwaysRefresh":false,"showFog":true,"showSkybox":false,"showFlares":true,"showImageEffects":true,"showParticleSystems":true,"showVisualEffectGraphs":true,"m_FxEnabled":true},"in2DMode":false,"pivot":{"x":-0.2765292823314667,"y":2.416090965270996,"z":2.168826103210449},"rotation":{"x":-0.0025413467083126308,"y":-0.9974348545074463,"z":0.053913962095975879,"w":-0.04701627418398857},"size":0.6202576756477356,"orthographic":false}